,통계표코드,통계명,통계항목코드1,통계항목명1,통계항목코드2,통계항목명2,통계항목코드3,통계항목명3,통계항목코드4,통계항목명4,단위,시점,값
0,200Y001,2.1.1.1. 주요지표(연간지표),3010101,민간,,,,,,,% ,2015,2.2
1,200Y001,2.1.1.1. 주요지표(연간지표),7010106,가계,,,,,,,% ,2015,55.8
2,200Y001,2.1.1.1. 주요지표(연간지표),7010107,기업,,,,,,,% ,2015,22.5
3,200Y001,2.1.1.1. 주요지표(연간지표),7010108,정부,,,,,,,% ,2015,21.7
4,200Y001,2.1.1.1. 주요지표(연간지표),70105,총조정처분가능소득의분배,,,,,,,,2015,
5,200Y001,2.1.1.1. 주요지표(연간지표),9010202,(서비스),,,,,,,% ,2015,7.3
6,200Y001,2.1.1.1. 주요지표(연간지표),90103,GDP 디플레이터,,,,,,,2015=100,2015,100
7,200Y001,2.1.1.1. 주요지표(연간지표),3010207,총고정자본형성(민간),,,,,,,% ,2015,5.4
8,200Y001,2.1.1.1. 주요지표(연간지표),3010208,총고정자본형성(정부),,,,,,,% ,2015,5.2
9,200Y001,2.1.1.1. 주요지표(연간지표),3010201,건설투자,,,,,,,% ,2015,6.9
10,200Y001,2.1.1.1. 주요지표(연간지표),7010501,제도부문별,,,,,,,,2015,
11,200Y001,2.1.1.1. 주요지표(연간지표),9010101,(재화),,,,,,,% ,2015,37.3
12,200Y001,2.1.1.1. 주요지표(연간지표),9010102,(서비스),,,,,,,% ,2015,5.6
13,200Y001,2.1.1.1. 주요지표(연간지표),90102,총수입,,,,,,,% ,2015,37.4
14,200Y001,2.1.1.1. 주요지표(연간지표),9010201,(재화),,,,,,,% ,2015,28.8
15,200Y001,2.1.1.1. 주요지표(연간지표),2010102,광공업,,,,,,,% ,2015,1.6
16,200Y001,2.1.1.1. 주요지표(연간지표),2010103,(제조업),,,,,,,% ,2015,1.7
17,200Y001,2.1.1.1. 주요지표(연간지표),2010104,"전기, 가스 및 수도사업",,,,,,,% ,2015,3.1
18,200Y001,2.1.1.1. 주요지표(연간지표),2010105,건설업,,,,,,,% ,2015,6.2
19,200Y001,2.1.1.1. 주요지표(연간지표),2010106,서비스업,,,,,,,% ,2015,3.1
20,200Y001,2.1.1.1. 주요지표(연간지표),2010107,순생산물세,,,,,,,% ,2015,3.7
21,200Y001,2.1.1.1. 주요지표(연간지표),60104,(공제)재화와서비스의수입,,,,,,,% ,2015,36.1
22,200Y001,2.1.1.1. 주요지표(연간지표),70104,총본원소득(GNI)의분배,,,,,,,,2015,
23,200Y001,2.1.1.1. 주요지표(연간지표),7010401,요소소득별,,,,,,,,2015,
24,200Y001,2.1.1.1. 주요지표(연간지표),701050101,가계,,,,,,,% ,2015,64
25,200Y001,2.1.1.1. 주요지표(연간지표),3010202,(건물건설),,,,,,,% ,2015,9.4
26,200Y001,2.1.1.1. 주요지표(연간지표),3010203,(토목건설),,,,,,,% ,2015,2.5
27,200Y001,2.1.1.1. 주요지표(연간지표),701040101,피용자보수,,,,,,,% ,2015,45.1
28,200Y001,2.1.1.1. 주요지표(연간지표),701040102,기업 및 재산소득,,,,,,,% ,2015,26.9
29,200Y001,2.1.1.1. 주요지표(연간지표),701040103,고정자본소모,,,,,,,% ,2015,18.6
30,200Y001,2.1.1.1. 주요지표(연간지표),3010102,정부,,,,,,,% ,2015,3.8
31,200Y001,2.1.1.1. 주요지표(연간지표),30102,총고정자본형성,,,,,,,% ,2015,5.4
32,200Y001,2.1.1.1. 주요지표(연간지표),10104,국민처분가능소득(명목),,,,,,,십억원 ,2015,1349292.2
33,200Y001,2.1.1.1. 주요지표(연간지표),10105,국민총처분가능소득(명목),,,,,,,십억원 ,2015,1658961.9
34,200Y001,2.1.1.1. 주요지표(연간지표),101051,가계총처분가능소득(명목),,,,,,,십억원 ,2015,925744.6
35,200Y001,2.1.1.1. 주요지표(연간지표),30103,설비투자,,,,,,,% ,2015,5.1
36,200Y001,2.1.1.1. 주요지표(연간지표),1010603,"1인당 가계총처분가능소득(명목, 달러표시)",,,,,,,달러 ,2015,16037.7
37,200Y001,2.1.1.1. 주요지표(연간지표),20101,국내총생산(실질성장률),,,,,,,% ,2015,2.8
38,200Y001,2.1.1.1. 주요지표(연간지표),2010101,농림어업,,,,,,,% ,2015,-0.2
39,200Y001,2.1.1.1. 주요지표(연간지표),8010103,(기업),,,,,,,% ,2015,21.6
40,200Y001,2.1.1.1. 주요지표(연간지표),8010104,정부,,,,,,,% ,2015,6.7
41,200Y001,2.1.1.1. 주요지표(연간지표),8010200,국내총투자율,,,,,,,% ,2015,29.5
42,200Y001,2.1.1.1. 주요지표(연간지표),3010301,(기계류),,,,,,,% ,2015,5.5
43,200Y001,2.1.1.1. 주요지표(연간지표),3010302,(운송장비),,,,,,,% ,2015,4.2
44,200Y001,2.1.1.1. 주요지표(연간지표),30104,지식재산생산물투자,,,,,,,% ,2015,2
45,200Y001,2.1.1.1. 주요지표(연간지표),30105,재화와서비스의수출,,,,,,,% ,2015,0.2
46,200Y001,2.1.1.1. 주요지표(연간지표),3010501,(재화),,,,,,,% ,2015,-0.3
47,200Y001,2.1.1.1. 주요지표(연간지표),10107,"1인당 국내총생산(명목, 원화표시)",,,,,,,만원 ,2015,3250.1
48,200Y001,2.1.1.1. 주요지표(연간지표),1010701,"1인당 국내총생산(명목, 달러표시)",,,,,,,달러 ,2015,28723.8
49,200Y001,2.1.1.1. 주요지표(연간지표),10106,"1인당 국민총소득(명목, 원화표시)",,,,,,,만원 ,2015,3260.2
50,200Y001,2.1.1.1. 주요지표(연간지표),1010601,"1인당 국민총소득(명목, 달러표시)",,,,,,,달러 ,2015,28813.6
51,200Y001,2.1.1.1. 주요지표(연간지표),1010602,"1인당 가계총처분가능소득(명목, 원화표시)",,,,,,,만원 ,2015,1814.7
52,200Y001,2.1.1.1. 주요지표(연간지표),7010101,피용자보수,,,,,,,% ,2015,45.2
53,200Y001,2.1.1.1. 주요지표(연간지표),7010102,기업 및 재산소득,,,,,,,% ,2015,27
54,200Y001,2.1.1.1. 주요지표(연간지표),7010103,고정자본소모,,,,,,,% ,2015,18.7
55,200Y001,2.1.1.1. 주요지표(연간지표),7010104,생산및수입세(공제)보조금,,,,,,,% ,2015,9.4
56,200Y001,2.1.1.1. 주요지표(연간지표),7010105,국외순수취경상이전,,,,,,,% ,2015,-0.3
57,200Y001,2.1.1.1. 주요지표(연간지표),70103,제도부문별,,,,,,,,2015,
58,200Y001,2.1.1.1. 주요지표(연간지표),9010301,(등락률),,,,,,,% ,2015,3.2
59,200Y001,2.1.1.1. 주요지표(연간지표),10101,"국내총생산(명목, 원화표시)",,,,,,,십억원 ,2015,1658020.4
60,200Y001,2.1.1.1. 주요지표(연간지표),1010101,"국내총생산(명목, 달러표시)",,,,,,,억달러 ,2015,14653.4
61,200Y001,2.1.1.1. 주요지표(연간지표),10102,"국민총소득(명목, 원화표시)",,,,,,,십억원 ,2015,1663206.6
62,200Y001,2.1.1.1. 주요지표(연간지표),1010201,"국민총소득(명목, 달러표시)",,,,,,,억달러 ,2015,14699.3
63,200Y001,2.1.1.1. 주요지표(연간지표),10103,요소비용국민소득(명목),,,,,,,십억원 ,2015,1196864.4
64,200Y001,2.1.1.1. 주요지표(연간지표),701040104,생산및수입세(공제)보조금,,,,,,,% ,2015,9.4
65,200Y001,2.1.1.1. 주요지표(연간지표),7010402,제도부문별,,,,,,,,2015,
66,200Y001,2.1.1.1. 주요지표(연간지표),8010201,(국내총고정투자율),,,,,,,% ,2015,29
67,200Y001,2.1.1.1. 주요지표(연간지표),8010400,(가계순저축률),,,,,,,% ,2015,8.4
68,200Y001,2.1.1.1. 주요지표(연간지표),901,수출입의 대 GNI 비율(명목),,,,,,,% ,2015,82
69,200Y001,2.1.1.1. 주요지표(연간지표),90101,총수출,,,,,,,% ,2015,44.6
70,200Y001,2.1.1.1. 주요지표(연간지표),30106,재화와서비스의수입,,,,,,,% ,2015,2.1
71,200Y001,2.1.1.1. 주요지표(연간지표),3010601,(재화),,,,,,,% ,2015,0.7
72,200Y001,2.1.1.1. 주요지표(연간지표),40101,농림어업(생산구조-명목),,,,,,,% ,2015,2.2
73,200Y001,2.1.1.1. 주요지표(연간지표),40102,광공업,,,,,,,% ,2015,29.1
74,200Y001,2.1.1.1. 주요지표(연간지표),4010201,(제조업),,,,,,,% ,2015,29
75,200Y001,2.1.1.1. 주요지표(연간지표),40103,"전기, 가스 및 수도사업",,,,,,,% ,2015,2.7
76,200Y001,2.1.1.1. 주요지표(연간지표),701040201,가계,,,,,,,% ,2015,61.5
77,200Y001,2.1.1.1. 주요지표(연간지표),701040202,기업,,,,,,,% ,2015,26
78,200Y001,2.1.1.1. 주요지표(연간지표),701050102,기업,,,,,,,% ,2015,22.5
79,200Y001,2.1.1.1. 주요지표(연간지표),701050103,정부,,,,,,,% ,2015,13.6
80,200Y001,2.1.1.1. 주요지표(연간지표),7010200,피용자보수비율,,,,,,,% ,2015,62.6
81,200Y001,2.1.1.1. 주요지표(연간지표),80101,총저축률,,,,,,,% ,2015,36.4
82,200Y001,2.1.1.1. 주요지표(연간지표),8010101,민간,,,,,,,% ,2015,29.7
83,200Y001,2.1.1.1. 주요지표(연간지표),8010102,(가계 및 비영리단체),,,,,,,% ,2015,8.1
84,200Y001,2.1.1.1. 주요지표(연간지표),701040203,정부,,,,,,,% ,2015,12.5
85,200Y001,2.1.1.1. 주요지표(연간지표),70102,요소소득별,,,,,,,,2015,
86,200Y001,2.1.1.1. 주요지표(연간지표),40104,건설업,,,,,,,% ,2015,5.3
87,200Y001,2.1.1.1. 주요지표(연간지표),40105,서비스업,,,,,,,% ,2015,60.6
88,200Y001,2.1.1.1. 주요지표(연간지표),60101,최종소비지출(지출구조-명목),,,,,,,% ,2015,63.6
89,200Y001,2.1.1.1. 주요지표(연간지표),6010101,민간,,,,,,,% ,2015,48.5
90,200Y001,2.1.1.1. 주요지표(연간지표),6010102,정부,,,,,,,% ,2015,15.1
91,200Y001,2.1.1.1. 주요지표(연간지표),60102,총고정자본형성,,,,,,,% ,2015,29
92,200Y001,2.1.1.1. 주요지표(연간지표),60103,재화와서비스의수출,,,,,,,% ,2015,43
93,200Y001,2.1.1.1. 주요지표(연간지표),20102,국내총소득,,,,,,,% ,2015,6.5
94,200Y001,2.1.1.1. 주요지표(연간지표),20103,국민총소득,,,,,,,% ,2015,6.3
95,200Y001,2.1.1.1. 주요지표(연간지표),30101,최종소비지출(실질증감률),,,,,,,% ,2015,2.6
96,200Y001,2.1.1.1. 주요지표(연간지표),3010101,민간,,,,,,,% ,2016,2.6
97,200Y001,2.1.1.1. 주요지표(연간지표),7010106,가계,,,,,,,% ,2016,54.5
98,200Y001,2.1.1.1. 주요지표(연간지표),7010107,기업,,,,,,,% ,2016,23
99,200Y001,2.1.1.1. 주요지표(연간지표),7010108,정부,,,,,,,% ,2016,22.6
100,200Y001,2.1.1.1. 주요지표(연간지표),70105,총조정처분가능소득의분배,,,,,,,,2016,
101,200Y001,2.1.1.1. 주요지표(연간지표),9010201,(재화),,,,,,,% ,2016,26.2
102,200Y001,2.1.1.1. 주요지표(연간지표),9010202,(서비스),,,,,,,% ,2016,7.1
103,200Y001,2.1.1.1. 주요지표(연간지표),90103,GDP 디플레이터,,,,,,,2015=100,2016,101.986
104,200Y001,2.1.1.1. 주요지표(연간지표),3010207,총고정자본형성(민간),,,,,,,% ,2016,6.5
105,200Y001,2.1.1.1. 주요지표(연간지표),3010208,총고정자본형성(정부),,,,,,,% ,2016,6.8
106,200Y001,2.1.1.1. 주요지표(연간지표),3010201,건설투자,,,,,,,% ,2016,10
107,200Y001,2.1.1.1. 주요지표(연간지표),7010501,제도부문별,,,,,,,,2016,
108,200Y001,2.1.1.1. 주요지표(연간지표),9010101,(재화),,,,,,,% ,2016,34.7
109,200Y001,2.1.1.1. 주요지표(연간지표),9010102,(서비스),,,,,,,% ,2016,5.3
110,200Y001,2.1.1.1. 주요지표(연간지표),90102,총수입,,,,,,,% ,2016,34.8
111,200Y001,2.1.1.1. 주요지표(연간지표),2010102,광공업,,,,,,,% ,2016,2.3
112,200Y001,2.1.1.1. 주요지표(연간지표),2010103,(제조업),,,,,,,% ,2016,2.3
113,200Y001,2.1.1.1. 주요지표(연간지표),2010104,"전기, 가스 및 수도사업",,,,,,,% ,2016,-1.2
114,200Y001,2.1.1.1. 주요지표(연간지표),2010105,건설업,,,,,,,% ,2016,9.8
115,200Y001,2.1.1.1. 주요지표(연간지표),2010106,서비스업,,,,,,,% ,2016,2.9
116,200Y001,2.1.1.1. 주요지표(연간지표),2010107,순생산물세,,,,,,,% ,2016,4.4
117,200Y001,2.1.1.1. 주요지표(연간지표),60104,(공제)재화와서비스의수입,,,,,,,% ,2016,33.5
118,200Y001,2.1.1.1. 주요지표(연간지표),70104,총본원소득(GNI)의분배,,,,,,,,2016,
119,200Y001,2.1.1.1. 주요지표(연간지표),7010401,요소소득별,,,,,,,,2016,
120,200Y001,2.1.1.1. 주요지표(연간지표),701050101,가계,,,,,,,% ,2016,62.8
121,200Y001,2.1.1.1. 주요지표(연간지표),3010202,(건물건설),,,,,,,% ,2016,16.9
122,200Y001,2.1.1.1. 주요지표(연간지표),3010203,(토목건설),,,,,,,% ,2016,-3.4
123,200Y001,2.1.1.1. 주요지표(연간지표),701040101,피용자보수,,,,,,,% ,2016,44.9
124,200Y001,2.1.1.1. 주요지표(연간지표),701040102,기업 및 재산소득,,,,,,,% ,2016,27
125,200Y001,2.1.1.1. 주요지표(연간지표),701040103,고정자본소모,,,,,,,% ,2016,18.5
126,200Y001,2.1.1.1. 주요지표(연간지표),3010102,정부,,,,,,,% ,2016,4.4
127,200Y001,2.1.1.1. 주요지표(연간지표),30102,총고정자본형성,,,,,,,% ,2016,6.6
128,200Y001,2.1.1.1. 주요지표(연간지표),10104,국민처분가능소득(명목),,,,,,,십억원 ,2016,1419199.9
129,200Y001,2.1.1.1. 주요지표(연간지표),10105,국민총처분가능소득(명목),,,,,,,십억원 ,2016,1742004.3
130,200Y001,2.1.1.1. 주요지표(연간지표),101051,가계총처분가능소득(명목),,,,,,,십억원 ,2016,948800.5
131,200Y001,2.1.1.1. 주요지표(연간지표),30103,설비투자,,,,,,,% ,2016,2.6
132,200Y001,2.1.1.1. 주요지표(연간지표),1010603,"1인당 가계총처분가능소득(명목, 달러표시)",,,,,,,달러 ,2016,15962.8
133,200Y001,2.1.1.1. 주요지표(연간지표),20101,국내총생산(실질성장률),,,,,,,% ,2016,2.9
134,200Y001,2.1.1.1. 주요지표(연간지표),2010101,농림어업,,,,,,,% ,2016,-5.6
135,200Y001,2.1.1.1. 주요지표(연간지표),8010103,(기업),,,,,,,% ,2016,22
136,200Y001,2.1.1.1. 주요지표(연간지표),8010104,정부,,,,,,,% ,2016,7.3
137,200Y001,2.1.1.1. 주요지표(연간지표),8010200,국내총투자율,,,,,,,% ,2016,30.1
138,200Y001,2.1.1.1. 주요지표(연간지표),3010301,(기계류),,,,,,,% ,2016,1.4
139,200Y001,2.1.1.1. 주요지표(연간지표),3010302,(운송장비),,,,,,,% ,2016,6.2
140,200Y001,2.1.1.1. 주요지표(연간지표),30104,지식재산생산물투자,,,,,,,% ,2016,4
141,200Y001,2.1.1.1. 주요지표(연간지표),30105,재화와서비스의수출,,,,,,,% ,2016,2.4
142,200Y001,2.1.1.1. 주요지표(연간지표),3010501,(재화),,,,,,,% ,2016,2
143,200Y001,2.1.1.1. 주요지표(연간지표),10107,"1인당 국내총생산(명목, 원화표시)",,,,,,,만원 ,2016,3398.8
144,200Y001,2.1.1.1. 주요지표(연간지표),1010701,"1인당 국내총생산(명목, 달러표시)",,,,,,,달러 ,2016,29287.2
145,200Y001,2.1.1.1. 주요지표(연간지표),10106,"1인당 국민총소득(명목, 원화표시)",,,,,,,만원 ,2016,3411.2
146,200Y001,2.1.1.1. 주요지표(연간지표),1010601,"1인당 국민총소득(명목, 달러표시)",,,,,,,달러 ,2016,29394.3
147,200Y001,2.1.1.1. 주요지표(연간지표),1010602,"1인당 가계총처분가능소득(명목, 원화표시)",,,,,,,만원 ,2016,1852.5
148,200Y001,2.1.1.1. 주요지표(연간지표),7010101,피용자보수,,,,,,,% ,2016,45.1
149,200Y001,2.1.1.1. 주요지표(연간지표),7010102,기업 및 재산소득,,,,,,,% ,2016,27.1
150,200Y001,2.1.1.1. 주요지표(연간지표),7010103,고정자본소모,,,,,,,% ,2016,18.5
151,200Y001,2.1.1.1. 주요지표(연간지표),7010104,생산및수입세(공제)보조금,,,,,,,% ,2016,9.6
152,200Y001,2.1.1.1. 주요지표(연간지표),7010105,국외순수취경상이전,,,,,,,% ,2016,-0.3
153,200Y001,2.1.1.1. 주요지표(연간지표),70103,제도부문별,,,,,,,,2016,
154,200Y001,2.1.1.1. 주요지표(연간지표),9010301,(등락률),,,,,,,% ,2016,2
155,200Y001,2.1.1.1. 주요지표(연간지표),10101,"국내총생산(명목, 원화표시)",,,,,,,십억원 ,2016,1740779.6
156,200Y001,2.1.1.1. 주요지표(연간지표),1010101,"국내총생산(명목, 달러표시)",,,,,,,억달러 ,2016,15000.3
157,200Y001,2.1.1.1. 주요지표(연간지표),10102,"국민총소득(명목, 원화표시)",,,,,,,십억원 ,2016,1747143.5
158,200Y001,2.1.1.1. 주요지표(연간지표),1010201,"국민총소득(명목, 달러표시)",,,,,,,억달러 ,2016,15055.1
159,200Y001,2.1.1.1. 주요지표(연간지표),10103,요소비용국민소득(명목),,,,,,,십억원 ,2016,1256956.7
160,200Y001,2.1.1.1. 주요지표(연간지표),701040104,생산및수입세(공제)보조금,,,,,,,% ,2016,9.6
161,200Y001,2.1.1.1. 주요지표(연간지표),7010402,제도부문별,,,,,,,,2016,
162,200Y001,2.1.1.1. 주요지표(연간지표),8010201,(국내총고정투자율),,,,,,,% ,2016,29.7
163,200Y001,2.1.1.1. 주요지표(연간지표),8010400,(가계순저축률),,,,,,,% ,2016,7.5
164,200Y001,2.1.1.1. 주요지표(연간지표),901,수출입의 대 GNI 비율(명목),,,,,,,% ,2016,76.6
165,200Y001,2.1.1.1. 주요지표(연간지표),90101,총수출,,,,,,,% ,2016,41.8
166,200Y001,2.1.1.1. 주요지표(연간지표),30106,재화와서비스의수입,,,,,,,% ,2016,5.2
167,200Y001,2.1.1.1. 주요지표(연간지표),3010601,(재화),,,,,,,% ,2016,3.9
168,200Y001,2.1.1.1. 주요지표(연간지표),40101,농림어업(생산구조-명목),,,,,,,% ,2016,2
169,200Y001,2.1.1.1. 주요지표(연간지표),40102,광공업,,,,,,,% ,2016,29
170,200Y001,2.1.1.1. 주요지표(연간지표),4010201,(제조업),,,,,,,% ,2016,28.8
171,200Y001,2.1.1.1. 주요지표(연간지표),40103,"전기, 가스 및 수도사업",,,,,,,% ,2016,2.8
172,200Y001,2.1.1.1. 주요지표(연간지표),701040201,가계,,,,,,,% ,2016,60.8
173,200Y001,2.1.1.1. 주요지표(연간지표),701040202,기업,,,,,,,% ,2016,26.5
174,200Y001,2.1.1.1. 주요지표(연간지표),701050102,기업,,,,,,,% ,2016,23
175,200Y001,2.1.1.1. 주요지표(연간지표),701050103,정부,,,,,,,% ,2016,14.3
176,200Y001,2.1.1.1. 주요지표(연간지표),7010200,피용자보수비율,,,,,,,% ,2016,62.5
177,200Y001,2.1.1.1. 주요지표(연간지표),80101,총저축률,,,,,,,% ,2016,36.8
178,200Y001,2.1.1.1. 주요지표(연간지표),8010101,민간,,,,,,,% ,2016,29.5
179,200Y001,2.1.1.1. 주요지표(연간지표),8010102,(가계 및 비영리단체),,,,,,,% ,2016,7.5
180,200Y001,2.1.1.1. 주요지표(연간지표),701040203,정부,,,,,,,% ,2016,12.7
181,200Y001,2.1.1.1. 주요지표(연간지표),70102,요소소득별,,,,,,,,2016,
182,200Y001,2.1.1.1. 주요지표(연간지표),40104,건설업,,,,,,,% ,2016,5.7
183,200Y001,2.1.1.1. 주요지표(연간지표),40105,서비스업,,,,,,,% ,2016,60.5
184,200Y001,2.1.1.1. 주요지표(연간지표),60101,최종소비지출(지출구조-명목),,,,,,,% ,2016,63.2
185,200Y001,2.1.1.1. 주요지표(연간지표),6010101,민간,,,,,,,% ,2016,48
186,200Y001,2.1.1.1. 주요지표(연간지표),6010102,정부,,,,,,,% ,2016,15.2
187,200Y001,2.1.1.1. 주요지표(연간지표),60102,총고정자본형성,,,,,,,% ,2016,29.7
188,200Y001,2.1.1.1. 주요지표(연간지표),60103,재화와서비스의수출,,,,,,,% ,2016,40.1
189,200Y001,2.1.1.1. 주요지표(연간지표),20102,국내총소득,,,,,,,% ,2016,4.4
190,200Y001,2.1.1.1. 주요지표(연간지표),20103,국민총소득,,,,,,,% ,2016,4.4
191,200Y001,2.1.1.1. 주요지표(연간지표),30101,최종소비지출(실질증감률),,,,,,,% ,2016,3
192,200Y001,2.1.1.1. 주요지표(연간지표),3010101,민간,,,,,,,% ,2017,2.8
193,200Y001,2.1.1.1. 주요지표(연간지표),7010106,가계,,,,,,,% ,2017,53.5
194,200Y001,2.1.1.1. 주요지표(연간지표),7010107,기업,,,,,,,% ,2017,23.2
195,200Y001,2.1.1.1. 주요지표(연간지표),7010108,정부,,,,,,,% ,2017,23.3
196,200Y001,2.1.1.1. 주요지표(연간지표),70105,총조정처분가능소득의분배,,,,,,,,2017,
197,200Y001,2.1.1.1. 주요지표(연간지표),9010201,(재화),,,,,,,% ,2017,28.6
198,200Y001,2.1.1.1. 주요지표(연간지표),9010202,(서비스),,,,,,,% ,2017,7.5
199,200Y001,2.1.1.1. 주요지표(연간지표),90103,GDP 디플레이터,,,,,,,2015=100,2017,104.253
200,200Y001,2.1.1.1. 주요지표(연간지표),3010207,총고정자본형성(민간),,,,,,,% ,2017,11.1
201,200Y001,2.1.1.1. 주요지표(연간지표),3010208,총고정자본형성(정부),,,,,,,% ,2017,2.2
202,200Y001,2.1.1.1. 주요지표(연간지표),3010201,건설투자,,,,,,,% ,2017,7.3
203,200Y001,2.1.1.1. 주요지표(연간지표),7010501,제도부문별,,,,,,,,2017,
204,200Y001,2.1.1.1. 주요지표(연간지표),9010101,(재화),,,,,,,% ,2017,36.1
205,200Y001,2.1.1.1. 주요지표(연간지표),9010102,(서비스),,,,,,,% ,2017,4.7
206,200Y001,2.1.1.1. 주요지표(연간지표),90102,총수입,,,,,,,% ,2017,37.5
207,200Y001,2.1.1.1. 주요지표(연간지표),2010102,광공업,,,,,,,% ,2017,3.7
208,200Y001,2.1.1.1. 주요지표(연간지표),2010103,(제조업),,,,,,,% ,2017,3.7
209,200Y001,2.1.1.1. 주요지표(연간지표),2010104,"전기, 가스 및 수도사업",,,,,,,% ,2017,6.2
210,200Y001,2.1.1.1. 주요지표(연간지표),2010105,건설업,,,,,,,% ,2017,5.9
211,200Y001,2.1.1.1. 주요지표(연간지표),2010106,서비스업,,,,,,,% ,2017,2.6
212,200Y001,2.1.1.1. 주요지표(연간지표),2010107,순생산물세,,,,,,,% ,2017,2.8
213,200Y001,2.1.1.1. 주요지표(연간지표),60104,(공제)재화와서비스의수입,,,,,,,% ,2017,36.2
214,200Y001,2.1.1.1. 주요지표(연간지표),70104,총본원소득(GNI)의분배,,,,,,,,2017,
215,200Y001,2.1.1.1. 주요지표(연간지표),7010401,요소소득별,,,,,,,,2017,
216,200Y001,2.1.1.1. 주요지표(연간지표),701050101,가계,,,,,,,% ,2017,61.9
217,200Y001,2.1.1.1. 주요지표(연간지표),3010202,(건물건설),,,,,,,% ,2017,12.4
218,200Y001,2.1.1.1. 주요지표(연간지표),3010203,(토목건설),,,,,,,% ,2017,-4.7
219,200Y001,2.1.1.1. 주요지표(연간지표),701040101,피용자보수,,,,,,,% ,2017,44.7
220,200Y001,2.1.1.1. 주요지표(연간지표),701040102,기업 및 재산소득,,,,,,,% ,2017,27.3
221,200Y001,2.1.1.1. 주요지표(연간지표),701040103,고정자본소모,,,,,,,% ,2017,18.4
222,200Y001,2.1.1.1. 주요지표(연간지표),3010102,정부,,,,,,,% ,2017,3.9
223,200Y001,2.1.1.1. 주요지표(연간지표),30102,총고정자본형성,,,,,,,% ,2017,9.8
224,200Y001,2.1.1.1. 주요지표(연간지표),10104,국민처분가능소득(명목),,,,,,,십억원 ,2017,1497065.8
225,200Y001,2.1.1.1. 주요지표(연간지표),10105,국민총처분가능소득(명목),,,,,,,십억원 ,2017,1836741.9
226,200Y001,2.1.1.1. 주요지표(연간지표),101051,가계총처분가능소득(명목),,,,,,,십억원 ,2017,982709.9
227,200Y001,2.1.1.1. 주요지표(연간지표),30103,설비투자,,,,,,,% ,2017,16.5
228,200Y001,2.1.1.1. 주요지표(연간지표),1010603,"1인당 가계총처분가능소득(명목, 달러표시)",,,,,,,달러 ,2017,16919.3
229,200Y001,2.1.1.1. 주요지표(연간지표),20101,국내총생산(실질성장률),,,,,,,% ,2017,3.2
230,200Y001,2.1.1.1. 주요지표(연간지표),2010101,농림어업,,,,,,,% ,2017,2.3
231,200Y001,2.1.1.1. 주요지표(연간지표),8010103,(기업),,,,,,,% ,2017,22.4
232,200Y001,2.1.1.1. 주요지표(연간지표),8010104,정부,,,,,,,% ,2017,7.8
233,200Y001,2.1.1.1. 주요지표(연간지표),3010301,(기계류),,,,,,,% ,2017,23
234,200Y001,2.1.1.1. 주요지표(연간지표),3010302,(운송장비),,,,,,,% ,2017,-1.9
235,200Y001,2.1.1.1. 주요지표(연간지표),30104,지식재산생산물투자,,,,,,,% ,2017,6.5
236,200Y001,2.1.1.1. 주요지표(연간지표),30105,재화와서비스의수출,,,,,,,% ,2017,2.5
237,200Y001,2.1.1.1. 주요지표(연간지표),3010501,(재화),,,,,,,% ,2017,4.4
238,200Y001,2.1.1.1. 주요지표(연간지표),10107,"1인당 국내총생산(명목, 원화표시)",,,,,,,만원 ,2017,3574
239,200Y001,2.1.1.1. 주요지표(연간지표),1010701,"1인당 국내총생산(명목, 달러표시)",,,,,,,달러 ,2017,31605.2
240,200Y001,2.1.1.1. 주요지표(연간지표),10106,"1인당 국민총소득(명목, 원화표시)",,,,,,,만원 ,2017,3588.6
241,200Y001,2.1.1.1. 주요지표(연간지표),1010601,"1인당 국민총소득(명목, 달러표시)",,,,,,,달러 ,2017,31734.1
242,200Y001,2.1.1.1. 주요지표(연간지표),1010602,"1인당 가계총처분가능소득(명목, 원화표시)",,,,,,,만원 ,2017,1913.3
243,200Y001,2.1.1.1. 주요지표(연간지표),7010101,피용자보수,,,,,,,% ,2017,44.8
244,200Y001,2.1.1.1. 주요지표(연간지표),7010102,기업 및 재산소득,,,,,,,% ,2017,27.4
245,200Y001,2.1.1.1. 주요지표(연간지표),7010103,고정자본소모,,,,,,,% ,2017,18.5
246,200Y001,2.1.1.1. 주요지표(연간지표),7010104,생산및수입세(공제)보조금,,,,,,,% ,2017,9.6
247,200Y001,2.1.1.1. 주요지표(연간지표),7010105,국외순수취경상이전,,,,,,,% ,2017,-0.4
248,200Y001,2.1.1.1. 주요지표(연간지표),70103,제도부문별,,,,,,,,2017,
249,200Y001,2.1.1.1. 주요지표(연간지표),9010301,(등락률),,,,,,,% ,2017,2.2
250,200Y001,2.1.1.1. 주요지표(연간지표),10101,"국내총생산(명목, 원화표시)",,,,,,,십억원 ,2017,1835698.2
251,200Y001,2.1.1.1. 주요지표(연간지표),1010101,"국내총생산(명목, 달러표시)",,,,,,,억달러 ,2017,16233.1
252,200Y001,2.1.1.1. 주요지표(연간지표),10102,"국민총소득(명목, 원화표시)",,,,,,,십억원 ,2017,1843180.9
253,200Y001,2.1.1.1. 주요지표(연간지표),1010201,"국민총소득(명목, 달러표시)",,,,,,,억달러 ,2017,16299.2
254,200Y001,2.1.1.1. 주요지표(연간지표),10103,요소비용국민소득(명목),,,,,,,십억원 ,2017,1326542.8
255,200Y001,2.1.1.1. 주요지표(연간지표),701040104,생산및수입세(공제)보조금,,,,,,,% ,2017,9.6
256,200Y001,2.1.1.1. 주요지표(연간지표),7010402,제도부문별,,,,,,,,2017,
257,200Y001,2.1.1.1. 주요지표(연간지표),8010200,국내총투자율,,,,,,,% ,2017,32.3
258,200Y001,2.1.1.1. 주요지표(연간지표),8010201,(국내총고정투자율),,,,,,,% ,2017,31.5
259,200Y001,2.1.1.1. 주요지표(연간지표),8010400,(가계순저축률),,,,,,,% ,2017,6.5
260,200Y001,2.1.1.1. 주요지표(연간지표),901,수출입의 대 GNI 비율(명목),,,,,,,% ,2017,80.2
261,200Y001,2.1.1.1. 주요지표(연간지표),90101,총수출,,,,,,,% ,2017,42.7
262,200Y001,2.1.1.1. 주요지표(연간지표),30106,재화와서비스의수입,,,,,,,% ,2017,8.9
263,200Y001,2.1.1.1. 주요지표(연간지표),3010601,(재화),,,,,,,% ,2017,8.8
264,200Y001,2.1.1.1. 주요지표(연간지표),40101,농림어업(생산구조-명목),,,,,,,% ,2017,2
265,200Y001,2.1.1.1. 주요지표(연간지표),40102,광공업,,,,,,,% ,2017,29.6
266,200Y001,2.1.1.1. 주요지표(연간지표),4010201,(제조업),,,,,,,% ,2017,29.5
267,200Y001,2.1.1.1. 주요지표(연간지표),40103,"전기, 가스 및 수도사업",,,,,,,% ,2017,2.4
268,200Y001,2.1.1.1. 주요지표(연간지표),701040201,가계,,,,,,,% ,2017,60
269,200Y001,2.1.1.1. 주요지표(연간지표),701050102,기업,,,,,,,% ,2017,23.2
270,200Y001,2.1.1.1. 주요지표(연간지표),701050103,정부,,,,,,,% ,2017,14.9
271,200Y001,2.1.1.1. 주요지표(연간지표),7010200,피용자보수비율,,,,,,,% ,2017,62
272,200Y001,2.1.1.1. 주요지표(연간지표),80101,총저축률,,,,,,,% ,2017,37.1
273,200Y001,2.1.1.1. 주요지표(연간지표),8010101,민간,,,,,,,% ,2017,29.2
274,200Y001,2.1.1.1. 주요지표(연간지표),8010102,(가계 및 비영리단체),,,,,,,% ,2017,6.8
275,200Y001,2.1.1.1. 주요지표(연간지표),701040202,기업,,,,,,,% ,2017,27
276,200Y001,2.1.1.1. 주요지표(연간지표),701040203,정부,,,,,,,% ,2017,13
277,200Y001,2.1.1.1. 주요지표(연간지표),70102,요소소득별,,,,,,,,2017,
278,200Y001,2.1.1.1. 주요지표(연간지표),40104,건설업,,,,,,,% ,2017,6
279,200Y001,2.1.1.1. 주요지표(연간지표),40105,서비스업,,,,,,,% ,2017,60
280,200Y001,2.1.1.1. 주요지표(연간지표),60101,최종소비지출(지출구조-명목),,,,,,,% ,2017,63
281,200Y001,2.1.1.1. 주요지표(연간지표),6010101,민간,,,,,,,% ,2017,47.5
282,200Y001,2.1.1.1. 주요지표(연간지표),6010102,정부,,,,,,,% ,2017,15.4
283,200Y001,2.1.1.1. 주요지표(연간지표),60102,총고정자본형성,,,,,,,% ,2017,31.5
284,200Y001,2.1.1.1. 주요지표(연간지표),60103,재화와서비스의수출,,,,,,,% ,2017,40.9
285,200Y001,2.1.1.1. 주요지표(연간지표),20102,국내총소득,,,,,,,% ,2017,3.3
286,200Y001,2.1.1.1. 주요지표(연간지표),20103,국민총소득,,,,,,,% ,2017,3.3
287,200Y001,2.1.1.1. 주요지표(연간지표),30101,최종소비지출(실질증감률),,,,,,,% ,2017,3.1
288,200Y001,2.1.1.1. 주요지표(연간지표),10103,요소비용국민소득(명목),,,,,,,십억원 ,2018,1364946
289,200Y001,2.1.1.1. 주요지표(연간지표),10104,국민처분가능소득(명목),,,,,,,십억원 ,2018,1539485.3
290,200Y001,2.1.1.1. 주요지표(연간지표),10105,국민총처분가능소득(명목),,,,,,,십억원 ,2018,1898625.2
291,200Y001,2.1.1.1. 주요지표(연간지표),101051,가계총처분가능소득(명목),,,,,,,십억원 ,2018,1025640
292,200Y001,2.1.1.1. 주요지표(연간지표),30103,설비투자,,,,,,,% ,2018,-2.3
293,200Y001,2.1.1.1. 주요지표(연간지표),1010603,"1인당 가계총처분가능소득(명목, 달러표시)",,,,,,,달러 ,2018,18062.5
294,200Y001,2.1.1.1. 주요지표(연간지표),20101,국내총생산(실질성장률),,,,,,,% ,2018,2.9
295,200Y001,2.1.1.1. 주요지표(연간지표),2010101,농림어업,,,,,,,% ,2018,0.2
296,200Y001,2.1.1.1. 주요지표(연간지표),8010103,(기업),,,,,,,% ,2018,21
297,200Y001,2.1.1.1. 주요지표(연간지표),8010104,정부,,,,,,,% ,2018,8.2
298,200Y001,2.1.1.1. 주요지표(연간지표),3010301,(기계류),,,,,,,% ,2018,-4.2
299,200Y001,2.1.1.1. 주요지표(연간지표),3010302,(운송장비),,,,,,,% ,2018,4
300,200Y001,2.1.1.1. 주요지표(연간지표),30104,지식재산생산물투자,,,,,,,% ,2018,4.4
301,200Y001,2.1.1.1. 주요지표(연간지표),30105,재화와서비스의수출,,,,,,,% ,2018,4
302,200Y001,2.1.1.1. 주요지표(연간지표),3010501,(재화),,,,,,,% ,2018,3.3
303,200Y001,2.1.1.1. 주요지표(연간지표),10107,"1인당 국내총생산(명목, 원화표시)",,,,,,,만원 ,2018,3678.2
304,200Y001,2.1.1.1. 주요지표(연간지표),1010701,"1인당 국내총생산(명목, 달러표시)",,,,,,,달러 ,2018,33429
305,200Y001,2.1.1.1. 주요지표(연간지표),10106,"1인당 국민총소득(명목, 원화표시)",,,,,,,만원 ,2018,3693
306,200Y001,2.1.1.1. 주요지표(연간지표),1010601,"1인당 국민총소득(명목, 달러표시)",,,,,,,달러 ,2018,33563.7
307,200Y001,2.1.1.1. 주요지표(연간지표),1010602,"1인당 가계총처분가능소득(명목, 원화표시)",,,,,,,만원 ,2018,1987.4
308,200Y001,2.1.1.1. 주요지표(연간지표),7010101,피용자보수,,,,,,,% ,2018,45.7
309,200Y001,2.1.1.1. 주요지표(연간지표),7010102,기업 및 재산소득,,,,,,,% ,2018,26.2
310,200Y001,2.1.1.1. 주요지표(연간지표),7010103,고정자본소모,,,,,,,% ,2018,18.9
311,200Y001,2.1.1.1. 주요지표(연간지표),7010104,생산및수입세(공제)보조금,,,,,,,% ,2018,9.6
312,200Y001,2.1.1.1. 주요지표(연간지표),7010105,국외순수취경상이전,,,,,,,% ,2018,-0.4
313,200Y001,2.1.1.1. 주요지표(연간지표),70103,제도부문별,,,,,,,,2018,
314,200Y001,2.1.1.1. 주요지표(연간지표),9010301,(등락률),,,,,,,% ,2018,0.5
315,200Y001,2.1.1.1. 주요지표(연간지표),10101,"국내총생산(명목, 원화표시)",,,,,,,십억원 ,2018,1898192.6
316,200Y001,2.1.1.1. 주요지표(연간지표),1010101,"국내총생산(명목, 달러표시)",,,,,,,억달러 ,2018,17251.6
317,200Y001,2.1.1.1. 주요지표(연간지표),10102,"국민총소득(명목, 원화표시)",,,,,,,십억원 ,2018,1905837.5
318,200Y001,2.1.1.1. 주요지표(연간지표),1010201,"국민총소득(명목, 달러표시)",,,,,,,억달러 ,2018,17321.1
319,200Y001,2.1.1.1. 주요지표(연간지표),701040104,생산및수입세(공제)보조금,,,,,,,% ,2018,9.5
320,200Y001,2.1.1.1. 주요지표(연간지표),7010402,제도부문별,,,,,,,,2018,
321,200Y001,2.1.1.1. 주요지표(연간지표),8010200,국내총투자율,,,,,,,% ,2018,31.5
322,200Y001,2.1.1.1. 주요지표(연간지표),8010201,(국내총고정투자율),,,,,,,% ,2018,30.4
323,200Y001,2.1.1.1. 주요지표(연간지표),8010400,(가계순저축률),,,,,,,% ,2018,6.1
324,200Y001,2.1.1.1. 주요지표(연간지표),901,수출입의 대 GNI 비율(명목),,,,,,,% ,2018,82.5
325,200Y001,2.1.1.1. 주요지표(연간지표),90101,총수출,,,,,,,% ,2018,43.7
326,200Y001,2.1.1.1. 주요지표(연간지표),30106,재화와서비스의수입,,,,,,,% ,2018,1.7
327,200Y001,2.1.1.1. 주요지표(연간지표),3010601,(재화),,,,,,,% ,2018,2
328,200Y001,2.1.1.1. 주요지표(연간지표),40101,농림어업(생산구조-명목),,,,,,,% ,2018,1.9
329,200Y001,2.1.1.1. 주요지표(연간지표),40102,광공업,,,,,,,% ,2018,29.2
330,200Y001,2.1.1.1. 주요지표(연간지표),4010201,(제조업),,,,,,,% ,2018,29.1
331,200Y001,2.1.1.1. 주요지표(연간지표),40103,"전기, 가스 및 수도사업",,,,,,,% ,2018,2
332,200Y001,2.1.1.1. 주요지표(연간지표),701040201,가계,,,,,,,% ,2018,60.5
333,200Y001,2.1.1.1. 주요지표(연간지표),701050102,기업,,,,,,,% ,2018,21.8
334,200Y001,2.1.1.1. 주요지표(연간지표),701050103,정부,,,,,,,% ,2018,15.4
335,200Y001,2.1.1.1. 주요지표(연간지표),7010200,피용자보수비율,,,,,,,% ,2018,63.5
336,200Y001,2.1.1.1. 주요지표(연간지표),80101,총저축률,,,,,,,% ,2018,35.9
337,200Y001,2.1.1.1. 주요지표(연간지표),8010101,민간,,,,,,,% ,2018,27.8
338,200Y001,2.1.1.1. 주요지표(연간지표),8010102,(가계 및 비영리단체),,,,,,,% ,2018,6.8
339,200Y001,2.1.1.1. 주요지표(연간지표),701040202,기업,,,,,,,% ,2018,26.5
340,200Y001,2.1.1.1. 주요지표(연간지표),701040203,정부,,,,,,,% ,2018,13
341,200Y001,2.1.1.1. 주요지표(연간지표),70102,요소소득별,,,,,,,,2018,
342,200Y001,2.1.1.1. 주요지표(연간지표),40104,건설업,,,,,,,% ,2018,5.9
343,200Y001,2.1.1.1. 주요지표(연간지표),40105,서비스업,,,,,,,% ,2018,60.9
344,200Y001,2.1.1.1. 주요지표(연간지표),60101,최종소비지출(지출구조-명목),,,,,,,% ,2018,64.1
345,200Y001,2.1.1.1. 주요지표(연간지표),6010101,민간,,,,,,,% ,2018,48
346,200Y001,2.1.1.1. 주요지표(연간지표),6010102,정부,,,,,,,% ,2018,16.1
347,200Y001,2.1.1.1. 주요지표(연간지표),60102,총고정자본형성,,,,,,,% ,2018,30.4
348,200Y001,2.1.1.1. 주요지표(연간지표),60103,재화와서비스의수출,,,,,,,% ,2018,41.7
349,200Y001,2.1.1.1. 주요지표(연간지표),20102,국내총소득,,,,,,,% ,2018,1.6
350,200Y001,2.1.1.1. 주요지표(연간지표),20103,국민총소득,,,,,,,% ,2018,1.6
351,200Y001,2.1.1.1. 주요지표(연간지표),30101,최종소비지출(실질증감률),,,,,,,% ,2018,3.7
352,200Y001,2.1.1.1. 주요지표(연간지표),7010106,가계,,,,,,,% ,2018,54
353,200Y001,2.1.1.1. 주요지표(연간지표),7010107,기업,,,,,,,% ,2018,21.8
354,200Y001,2.1.1.1. 주요지표(연간지표),7010108,정부,,,,,,,% ,2018,24.2
355,200Y001,2.1.1.1. 주요지표(연간지표),70105,총조정처분가능소득의분배,,,,,,,,2018,
356,200Y001,2.1.1.1. 주요지표(연간지표),9010201,(재화),,,,,,,% ,2018,29.8
357,200Y001,2.1.1.1. 주요지표(연간지표),9010202,(서비스),,,,,,,% ,2018,7.3
358,200Y001,2.1.1.1. 주요지표(연간지표),90103,GDP 디플레이터,,,,,,,2015=100,2018,104.756
359,200Y001,2.1.1.1. 주요지표(연간지표),3010207,총고정자본형성(민간),,,,,,,% ,2018,-3
360,200Y001,2.1.1.1. 주요지표(연간지표),3010208,총고정자본형성(정부),,,,,,,% ,2018,2.6
361,200Y001,2.1.1.1. 주요지표(연간지표),3010201,건설투자,,,,,,,% ,2018,-4.6
362,200Y001,2.1.1.1. 주요지표(연간지표),7010501,제도부문별,,,,,,,,2018,
363,200Y001,2.1.1.1. 주요지표(연간지표),9010101,(재화),,,,,,,% ,2018,36.5
364,200Y001,2.1.1.1. 주요지표(연간지표),9010102,(서비스),,,,,,,% ,2018,5.1
365,200Y001,2.1.1.1. 주요지표(연간지표),90102,총수입,,,,,,,% ,2018,38.9
366,200Y001,2.1.1.1. 주요지표(연간지표),2010102,광공업,,,,,,,% ,2018,3.3
367,200Y001,2.1.1.1. 주요지표(연간지표),2010103,(제조업),,,,,,,% ,2018,3.3
368,200Y001,2.1.1.1. 주요지표(연간지표),2010104,"전기, 가스 및 수도사업",,,,,,,% ,2018,-1.7
369,200Y001,2.1.1.1. 주요지표(연간지표),2010105,건설업,,,,,,,% ,2018,-2.8
370,200Y001,2.1.1.1. 주요지표(연간지표),2010106,서비스업,,,,,,,% ,2018,3.8
371,200Y001,2.1.1.1. 주요지표(연간지표),2010107,순생산물세,,,,,,,% ,2018,1.3
372,200Y001,2.1.1.1. 주요지표(연간지표),60104,(공제)재화와서비스의수입,,,,,,,% ,2018,37.3
373,200Y001,2.1.1.1. 주요지표(연간지표),70104,총본원소득(GNI)의분배,,,,,,,,2018,
374,200Y001,2.1.1.1. 주요지표(연간지표),7010401,요소소득별,,,,,,,,2018,
375,200Y001,2.1.1.1. 주요지표(연간지표),701050101,가계,,,,,,,% ,2018,62.8
376,200Y001,2.1.1.1. 주요지표(연간지표),3010202,(건물건설),,,,,,,% ,2018,-5.4
377,200Y001,2.1.1.1. 주요지표(연간지표),701040101,피용자보수,,,,,,,% ,2018,45.5
378,200Y001,2.1.1.1. 주요지표(연간지표),701040102,기업 및 재산소득,,,,,,,% ,2018,26.1
379,200Y001,2.1.1.1. 주요지표(연간지표),701040103,고정자본소모,,,,,,,% ,2018,18.8
380,200Y001,2.1.1.1. 주요지표(연간지표),3010203,(토목건설),,,,,,,% ,2018,-2.7
381,200Y001,2.1.1.1. 주요지표(연간지표),3010101,민간,,,,,,,% ,2018,3.2
382,200Y001,2.1.1.1. 주요지표(연간지표),3010102,정부,,,,,,,% ,2018,5.3
383,200Y001,2.1.1.1. 주요지표(연간지표),30102,총고정자본형성,,,,,,,% ,2018,-2.2
384,200Y001,2.1.1.1. 주요지표(연간지표),90101,총수출,,,,,,,% ,2019,41.5
385,200Y001,2.1.1.1. 주요지표(연간지표),9010101,(재화),,,,,,,% ,2019,33.4
386,200Y001,2.1.1.1. 주요지표(연간지표),9010102,(서비스),,,,,,,% ,2019,5.5
387,200Y001,2.1.1.1. 주요지표(연간지표),90102,총수입,,,,,,,% ,2019,37.9
388,200Y001,2.1.1.1. 주요지표(연간지표),9010201,(재화),,,,,,,% ,2019,28.6
389,200Y001,2.1.1.1. 주요지표(연간지표),9010202,(서비스),,,,,,,% ,2019,7.5
390,200Y001,2.1.1.1. 주요지표(연간지표),90103,GDP 디플레이터,,,,,,,2015=100,2019,103.877
391,200Y001,2.1.1.1. 주요지표(연간지표),9010301,(등락률),,,,,,,% ,2019,-0.8
392,200Y001,2.1.1.1. 주요지표(연간지표),10103,요소비용국민소득(명목),,,,,,,십억원 ,2019,1374935
393,200Y001,2.1.1.1. 주요지표(연간지표),10104,국민처분가능소득(명목),,,,,,,십억원 ,2019,1553455
394,200Y001,2.1.1.1. 주요지표(연간지표),101051,가계총처분가능소득(명목),,,,,,,십억원 ,2019,1058703.8
395,200Y001,2.1.1.1. 주요지표(연간지표),1010602,"1인당 가계총처분가능소득(명목, 원화표시)",,,,,,,만원 ,2019,2047.4
396,200Y001,2.1.1.1. 주요지표(연간지표),1010603,"1인당 가계총처분가능소득(명목, 달러표시)",,,,,,,달러 ,2019,17564.6
397,200Y001,2.1.1.1. 주요지표(연간지표),7010101,피용자보수,,,,,,,% ,2019,47.1
398,200Y001,2.1.1.1. 주요지표(연간지표),7010102,기업 및 재산소득,,,,,,,% ,2019,23.9
399,200Y001,2.1.1.1. 주요지표(연간지표),7010103,고정자본소모,,,,,,,% ,2019,19.7
400,200Y001,2.1.1.1. 주요지표(연간지표),7010104,생산및수입세(공제)보조금,,,,,,,% ,2019,9.5
401,200Y001,2.1.1.1. 주요지표(연간지표),7010105,국외순수취경상이전,,,,,,,% ,2019,-0.3
402,200Y001,2.1.1.1. 주요지표(연간지표),7010106,가계,,,,,,,% ,2019,54.7
403,200Y001,2.1.1.1. 주요지표(연간지표),7010107,기업,,,,,,,% ,2019,21.4
404,200Y001,2.1.1.1. 주요지표(연간지표),7010108,정부,,,,,,,% ,2019,23.9
405,200Y001,2.1.1.1. 주요지표(연간지표),70102,요소소득별,,,,,,,,2019,
406,200Y001,2.1.1.1. 주요지표(연간지표),7010200,피용자보수비율,,,,,,,% ,2019,66.4
407,200Y001,2.1.1.1. 주요지표(연간지표),70103,제도부문별,,,,,,,,2019,
408,200Y001,2.1.1.1. 주요지표(연간지표),70104,총본원소득(GNI)의분배,,,,,,,,2019,
409,200Y001,2.1.1.1. 주요지표(연간지표),7010401,요소소득별,,,,,,,,2019,
410,200Y001,2.1.1.1. 주요지표(연간지표),701040101,피용자보수,,,,,,,% ,2019,47
411,200Y001,2.1.1.1. 주요지표(연간지표),701040102,기업 및 재산소득,,,,,,,% ,2019,23.8
412,200Y001,2.1.1.1. 주요지표(연간지표),701040103,고정자본소모,,,,,,,% ,2019,19.7
413,200Y001,2.1.1.1. 주요지표(연간지표),701040104,생산및수입세(공제)보조금,,,,,,,% ,2019,9.5
414,200Y001,2.1.1.1. 주요지표(연간지표),7010402,제도부문별,,,,,,,,2019,
415,200Y001,2.1.1.1. 주요지표(연간지표),701040201,가계,,,,,,,% ,2019,61.5
416,200Y001,2.1.1.1. 주요지표(연간지표),701040202,기업,,,,,,,% ,2019,25.4
417,200Y001,2.1.1.1. 주요지표(연간지표),701040203,정부,,,,,,,% ,2019,13.2
418,200Y001,2.1.1.1. 주요지표(연간지표),70105,총조정처분가능소득의분배,,,,,,,,2019,
419,200Y001,2.1.1.1. 주요지표(연간지표),7010501,제도부문별,,,,,,,,2019,
420,200Y001,2.1.1.1. 주요지표(연간지표),701050101,가계,,,,,,,% ,2019,64.1
421,200Y001,2.1.1.1. 주요지표(연간지표),701050102,기업,,,,,,,% ,2019,21.4
422,200Y001,2.1.1.1. 주요지표(연간지표),701050103,정부,,,,,,,% ,2019,14.5
423,200Y001,2.1.1.1. 주요지표(연간지표),8010101,민간,,,,,,,% ,2019,27.7
424,200Y001,2.1.1.1. 주요지표(연간지표),8010102,(가계 및 비영리단체),,,,,,,% ,2019,7.4
425,200Y001,2.1.1.1. 주요지표(연간지표),8010103,(기업),,,,,,,% ,2019,20.4
426,200Y001,2.1.1.1. 주요지표(연간지표),8010104,정부,,,,,,,% ,2019,6.9
427,200Y001,2.1.1.1. 주요지표(연간지표),8010400,(가계순저축률),,,,,,,% ,2019,6.9
428,200Y001,2.1.1.1. 주요지표(연간지표),20101,국내총생산(실질성장률),,,,,,,% ,2019,2.2
429,200Y001,2.1.1.1. 주요지표(연간지표),2010101,농림어업,,,,,,,% ,2019,3.9
430,200Y001,2.1.1.1. 주요지표(연간지표),2010102,광공업,,,,,,,% ,2019,1.1
431,200Y001,2.1.1.1. 주요지표(연간지표),2010103,(제조업),,,,,,,% ,2019,1.1
432,200Y001,2.1.1.1. 주요지표(연간지표),2010104,"전기, 가스 및 수도사업",,,,,,,% ,2019,4.3
433,200Y001,2.1.1.1. 주요지표(연간지표),2010105,건설업,,,,,,,% ,2019,-2.6
434,200Y001,2.1.1.1. 주요지표(연간지표),2010106,서비스업,,,,,,,% ,2019,3.4
435,200Y001,2.1.1.1. 주요지표(연간지표),2010107,순생산물세,,,,,,,% ,2019,0.8
436,200Y001,2.1.1.1. 주요지표(연간지표),20102,국내총소득,,,,,,,% ,2019,-0.1
437,200Y001,2.1.1.1. 주요지표(연간지표),30101,최종소비지출(실질증감률),,,,,,,% ,2019,3.2
438,200Y001,2.1.1.1. 주요지표(연간지표),3010101,민간,,,,,,,% ,2019,2.1
439,200Y001,2.1.1.1. 주요지표(연간지표),3010102,정부,,,,,,,% ,2019,6.4
440,200Y001,2.1.1.1. 주요지표(연간지표),30102,총고정자본형성,,,,,,,% ,2019,-2.1
441,200Y001,2.1.1.1. 주요지표(연간지표),3010201,건설투자,,,,,,,% ,2019,-1.7
442,200Y001,2.1.1.1. 주요지표(연간지표),3010207,총고정자본형성(민간),,,,,,,% ,2019,-4.5
443,200Y001,2.1.1.1. 주요지표(연간지표),3010208,총고정자본형성(정부),,,,,,,% ,2019,11.4
444,200Y001,2.1.1.1. 주요지표(연간지표),30103,설비투자,,,,,,,% ,2019,-6.6
445,200Y001,2.1.1.1. 주요지표(연간지표),30104,지식재산생산물투자,,,,,,,% ,2019,3.1
446,200Y001,2.1.1.1. 주요지표(연간지표),30105,재화와서비스의수출,,,,,,,% ,2019,0.2
447,200Y001,2.1.1.1. 주요지표(연간지표),3010501,(재화),,,,,,,% ,2019,-1.1
448,200Y001,2.1.1.1. 주요지표(연간지표),30106,재화와서비스의수입,,,,,,,% ,2019,-1.9
449,200Y001,2.1.1.1. 주요지표(연간지표),3010601,(재화),,,,,,,% ,2019,-2.5
450,200Y001,2.1.1.1. 주요지표(연간지표),10101,"국내총생산(명목, 원화표시)",,,,,,,십억원 ,2019,1924498.1
451,200Y001,2.1.1.1. 주요지표(연간지표),1010101,"국내총생산(명목, 달러표시)",,,,,,,억달러 ,2019,16510.1
452,200Y001,2.1.1.1. 주요지표(연간지표),10102,"국민총소득(명목, 원화표시)",,,,,,,십억원 ,2019,1941107.9
453,200Y001,2.1.1.1. 주요지표(연간지표),1010201,"국민총소득(명목, 달러표시)",,,,,,,억달러 ,2019,16652.6
454,200Y001,2.1.1.1. 주요지표(연간지표),10105,국민총처분가능소득(명목),,,,,,,십억원 ,2019,1935211.7
455,200Y001,2.1.1.1. 주요지표(연간지표),10106,"1인당 국민총소득(명목, 원화표시)",,,,,,,만원 ,2019,3753.9
456,200Y001,2.1.1.1. 주요지표(연간지표),1010601,"1인당 국민총소득(명목, 달러표시)",,,,,,,달러 ,2019,32204.4
457,200Y001,2.1.1.1. 주요지표(연간지표),10107,"1인당 국내총생산(명목, 원화표시)",,,,,,,만원 ,2019,3721.8
458,200Y001,2.1.1.1. 주요지표(연간지표),1010701,"1인당 국내총생산(명목, 달러표시)",,,,,,,달러 ,2019,31928.8
459,200Y001,2.1.1.1. 주요지표(연간지표),20103,국민총소득,,,,,,,% ,2019,0.4
460,200Y001,2.1.1.1. 주요지표(연간지표),3010202,(건물건설),,,,,,,% ,2019,-4.1
461,200Y001,2.1.1.1. 주요지표(연간지표),3010203,(토목건설),,,,,,,% ,2019,4.7
462,200Y001,2.1.1.1. 주요지표(연간지표),3010301,(기계류),,,,,,,% ,2019,-10.2
463,200Y001,2.1.1.1. 주요지표(연간지표),3010302,(운송장비),,,,,,,% ,2019,4.7
464,200Y001,2.1.1.1. 주요지표(연간지표),40101,농림어업(생산구조-명목),,,,,,,% ,2019,1.8
465,200Y001,2.1.1.1. 주요지표(연간지표),40102,광공업,,,,,,,% ,2019,27.7
466,200Y001,2.1.1.1. 주요지표(연간지표),4010201,(제조업),,,,,,,% ,2019,27.5
467,200Y001,2.1.1.1. 주요지표(연간지표),40103,"전기, 가스 및 수도사업",,,,,,,% ,2019,2.1
468,200Y001,2.1.1.1. 주요지표(연간지표),40104,건설업,,,,,,,% ,2019,5.9
469,200Y001,2.1.1.1. 주요지표(연간지표),40105,서비스업,,,,,,,% ,2019,62.5
470,200Y001,2.1.1.1. 주요지표(연간지표),60101,최종소비지출(지출구조-명목),,,,,,,% ,2019,65.7
471,200Y001,2.1.1.1. 주요지표(연간지표),6010101,민간,,,,,,,% ,2019,48.6
472,200Y001,2.1.1.1. 주요지표(연간지표),6010102,정부,,,,,,,% ,2019,17.1
473,200Y001,2.1.1.1. 주요지표(연간지표),60102,총고정자본형성,,,,,,,% ,2019,30.1
474,200Y001,2.1.1.1. 주요지표(연간지표),60103,재화와서비스의수출,,,,,,,% ,2019,39.3
475,200Y001,2.1.1.1. 주요지표(연간지표),60104,(공제)재화와서비스의수입,,,,,,,% ,2019,36.5
476,200Y001,2.1.1.1. 주요지표(연간지표),80101,총저축률,,,,,,,% ,2019,34.7
477,200Y001,2.1.1.1. 주요지표(연간지표),8010200,국내총투자율,,,,,,,% ,2019,31.3
478,200Y001,2.1.1.1. 주요지표(연간지표),8010201,(국내총고정투자율),,,,,,,% ,2019,29.9
479,200Y001,2.1.1.1. 주요지표(연간지표),901,수출입의 대 GNI 비율(명목),,,,,,,% ,2019,79.4
480,200Y001,2.1.1.1. 주요지표(연간지표),3010302,(운송장비),,,,,,,% ,2020,2.6
481,200Y001,2.1.1.1. 주요지표(연간지표),30104,지식재산생산물투자,,,,,,,% ,2020,3.4
482,200Y001,2.1.1.1. 주요지표(연간지표),3010501,(재화),,,,,,,% ,2020,-0.2
483,200Y001,2.1.1.1. 주요지표(연간지표),30106,재화와서비스의수입,,,,,,,% ,2020,-3.1
484,200Y001,2.1.1.1. 주요지표(연간지표),3010601,(재화),,,,,,,% ,2020,0.3
485,200Y001,2.1.1.1. 주요지표(연간지표),40101,농림어업(생산구조-명목),,,,,,,% ,2020,1.9
486,200Y001,2.1.1.1. 주요지표(연간지표),40102,광공업,,,,,,,% ,2020,27.2
487,200Y001,2.1.1.1. 주요지표(연간지표),4010201,(제조업),,,,,,,% ,2020,27.1
488,200Y001,2.1.1.1. 주요지표(연간지표),40103,"전기, 가스 및 수도사업",,,,,,,% ,2020,2.4
489,200Y001,2.1.1.1. 주요지표(연간지표),40104,건설업,,,,,,,% ,2020,6
490,200Y001,2.1.1.1. 주요지표(연간지표),40105,서비스업,,,,,,,% ,2020,62.4
491,200Y001,2.1.1.1. 주요지표(연간지표),60101,최종소비지출(지출구조-명목),,,,,,,% ,2020,64.4
492,200Y001,2.1.1.1. 주요지표(연간지표),6010101,민간,,,,,,,% ,2020,46.4
493,200Y001,2.1.1.1. 주요지표(연간지표),6010102,정부,,,,,,,% ,2020,18
494,200Y001,2.1.1.1. 주요지표(연간지표),60102,총고정자본형성,,,,,,,% ,2020,31.3
495,200Y001,2.1.1.1. 주요지표(연간지표),60103,재화와서비스의수출,,,,,,,% ,2020,36.4
496,200Y001,2.1.1.1. 주요지표(연간지표),60104,(공제)재화와서비스의수입,,,,,,,% ,2020,32.7
497,200Y001,2.1.1.1. 주요지표(연간지표),701040101,피용자보수,,,,,,,% ,2020,47.8
498,200Y001,2.1.1.1. 주요지표(연간지표),701040102,기업 및 재산소득,,,,,,,% ,2020,22
499,200Y001,2.1.1.1. 주요지표(연간지표),701040103,고정자본소모,,,,,,,% ,2020,20.4
500,200Y001,2.1.1.1. 주요지표(연간지표),701040104,생산및수입세(공제)보조금,,,,,,,% ,2020,9.8
501,200Y001,2.1.1.1. 주요지표(연간지표),701040201,가계,,,,,,,% ,2020,61.5
502,200Y001,2.1.1.1. 주요지표(연간지표),701040202,기업,,,,,,,% ,2020,25
503,200Y001,2.1.1.1. 주요지표(연간지표),701040203,정부,,,,,,,% ,2020,13.5
504,200Y001,2.1.1.1. 주요지표(연간지표),10101,"국내총생산(명목, 원화표시)",,,,,,,십억원 ,2020,1940726.2
505,200Y001,2.1.1.1. 주요지표(연간지표),1010101,"국내총생산(명목, 달러표시)",,,,,,,억달러 ,2020,16446.1
506,200Y001,2.1.1.1. 주요지표(연간지표),10102,"국민총소득(명목, 원화표시)",,,,,,,십억원 ,2020,1957669.9
507,200Y001,2.1.1.1. 주요지표(연간지표),1010201,"국민총소득(명목, 달러표시)",,,,,,,억달러 ,2020,16589.7
508,200Y001,2.1.1.1. 주요지표(연간지표),10103,요소비용국민소득(명목),,,,,,,십억원 ,2020,1365736.5
509,200Y001,2.1.1.1. 주요지표(연간지표),10104,국민처분가능소득(명목),,,,,,,십억원 ,2020,1554750.8
510,200Y001,2.1.1.1. 주요지표(연간지표),10105,국민총처분가능소득(명목),,,,,,,십억원 ,2020,1954513.2
511,200Y001,2.1.1.1. 주요지표(연간지표),101051,가계총처분가능소득(명목),,,,,,,십억원 ,2020,1098173
512,200Y001,2.1.1.1. 주요지표(연간지표),10107,"1인당 국내총생산(명목, 원화표시)",,,,,,,만원 ,2020,3744
513,200Y001,2.1.1.1. 주요지표(연간지표),1010701,"1인당 국내총생산(명목, 달러표시)",,,,,,,달러 ,2020,31727.1
514,200Y001,2.1.1.1. 주요지표(연간지표),10106,"1인당 국민총소득(명목, 원화표시)",,,,,,,만원 ,2020,3776.6
515,200Y001,2.1.1.1. 주요지표(연간지표),7010101,피용자보수,,,,,,,% ,2020,47.8
516,200Y001,2.1.1.1. 주요지표(연간지표),7010102,기업 및 재산소득,,,,,,,% ,2020,22
517,200Y001,2.1.1.1. 주요지표(연간지표),7010103,고정자본소모,,,,,,,% ,2020,20.5
518,200Y001,2.1.1.1. 주요지표(연간지표),7010104,생산및수입세(공제)보조금,,,,,,,% ,2020,9.8
519,200Y001,2.1.1.1. 주요지표(연간지표),7010105,국외순수취경상이전,,,,,,,% ,2020,-0.2
520,200Y001,2.1.1.1. 주요지표(연간지표),7010106,가계,,,,,,,% ,2020,56.2
521,200Y001,2.1.1.1. 주요지표(연간지표),7010107,기업,,,,,,,% ,2020,22.4
522,200Y001,2.1.1.1. 주요지표(연간지표),7010108,정부,,,,,,,% ,2020,21.4
523,200Y001,2.1.1.1. 주요지표(연간지표),701050101,가계,,,,,,,% ,2020,66.1
524,200Y001,2.1.1.1. 주요지표(연간지표),701050102,기업,,,,,,,% ,2020,22.4
525,200Y001,2.1.1.1. 주요지표(연간지표),701050103,정부,,,,,,,% ,2020,11.5
526,200Y001,2.1.1.1. 주요지표(연간지표),7010200,피용자보수비율,,,,,,,% ,2020,68.4
527,200Y001,2.1.1.1. 주요지표(연간지표),80101,총저축률,,,,,,,% ,2020,36
528,200Y001,2.1.1.1. 주요지표(연간지표),8010101,민간,,,,,,,% ,2020,32.5
529,200Y001,2.1.1.1. 주요지표(연간지표),8010102,(가계 및 비영리단체),,,,,,,% ,2020,11.1
530,200Y001,2.1.1.1. 주요지표(연간지표),8010103,(기업),,,,,,,% ,2020,21.4
531,200Y001,2.1.1.1. 주요지표(연간지표),8010104,정부,,,,,,,% ,2020,3.5
532,200Y001,2.1.1.1. 주요지표(연간지표),8010200,국내총투자율,,,,,,,% ,2020,31.7
533,200Y001,2.1.1.1. 주요지표(연간지표),8010201,(국내총고정투자율),,,,,,,% ,2020,31.1
534,200Y001,2.1.1.1. 주요지표(연간지표),8010400,(가계순저축률),,,,,,,% ,2020,12.4
535,200Y001,2.1.1.1. 주요지표(연간지표),901,수출입의 대 GNI 비율(명목),,,,,,,% ,2020,72.3
536,200Y001,2.1.1.1. 주요지표(연간지표),90101,총수출,,,,,,,% ,2020,38.4
537,200Y001,2.1.1.1. 주요지표(연간지표),9010101,(재화),,,,,,,% ,2020,31.3
538,200Y001,2.1.1.1. 주요지표(연간지표),9010102,(서비스),,,,,,,% ,2020,4.8
539,200Y001,2.1.1.1. 주요지표(연간지표),90102,총수입,,,,,,,% ,2020,33.9
540,200Y001,2.1.1.1. 주요지표(연간지표),9010201,(재화),,,,,,,% ,2020,26.3
541,200Y001,2.1.1.1. 주요지표(연간지표),9010202,(서비스),,,,,,,% ,2020,6.1
542,200Y001,2.1.1.1. 주요지표(연간지표),90103,GDP 디플레이터,,,,,,,2015=100,2020,105.502
543,200Y001,2.1.1.1. 주요지표(연간지표),9010301,(등락률),,,,,,,% ,2020,1.6
544,200Y001,2.1.1.1. 주요지표(연간지표),30105,재화와서비스의수출,,,,,,,% ,2020,-1.7
545,200Y001,2.1.1.1. 주요지표(연간지표),70102,요소소득별,,,,,,,,2020,
546,200Y001,2.1.1.1. 주요지표(연간지표),70103,제도부문별,,,,,,,,2020,
547,200Y001,2.1.1.1. 주요지표(연간지표),70104,총본원소득(GNI)의분배,,,,,,,,2020,
548,200Y001,2.1.1.1. 주요지표(연간지표),7010401,요소소득별,,,,,,,,2020,
549,200Y001,2.1.1.1. 주요지표(연간지표),7010402,제도부문별,,,,,,,,2020,
550,200Y001,2.1.1.1. 주요지표(연간지표),70105,총조정처분가능소득의분배,,,,,,,,2020,
551,200Y001,2.1.1.1. 주요지표(연간지표),7010501,제도부문별,,,,,,,,2020,
552,200Y001,2.1.1.1. 주요지표(연간지표),1010601,"1인당 국민총소득(명목, 달러표시)",,,,,,,달러 ,2020,32004.1
553,200Y001,2.1.1.1. 주요지표(연간지표),1010602,"1인당 가계총처분가능소득(명목, 원화표시)",,,,,,,만원 ,2020,2118.5
554,200Y001,2.1.1.1. 주요지표(연간지표),1010603,"1인당 가계총처분가능소득(명목, 달러표시)",,,,,,,달러 ,2020,17953
555,200Y001,2.1.1.1. 주요지표(연간지표),20101,국내총생산(실질성장률),,,,,,,% ,2020,-0.7
556,200Y001,2.1.1.1. 주요지표(연간지표),2010101,농림어업,,,,,,,% ,2020,-5.8
557,200Y001,2.1.1.1. 주요지표(연간지표),2010102,광공업,,,,,,,% ,2020,-1.1
558,200Y001,2.1.1.1. 주요지표(연간지표),2010103,(제조업),,,,,,,% ,2020,-1.1
559,200Y001,2.1.1.1. 주요지표(연간지표),2010104,"전기, 가스 및 수도사업",,,,,,,% ,2020,4.1
560,200Y001,2.1.1.1. 주요지표(연간지표),2010105,건설업,,,,,,,% ,2020,-1.3
561,200Y001,2.1.1.1. 주요지표(연간지표),2010106,서비스업,,,,,,,% ,2020,-0.8
562,200Y001,2.1.1.1. 주요지표(연간지표),2010107,순생산물세,,,,,,,% ,2020,1.4
563,200Y001,2.1.1.1. 주요지표(연간지표),20102,국내총소득,,,,,,,% ,2020,0
564,200Y001,2.1.1.1. 주요지표(연간지표),20103,국민총소득,,,,,,,% ,2020,0.1
565,200Y001,2.1.1.1. 주요지표(연간지표),30101,최종소비지출(실질증감률),,,,,,,% ,2020,-2.2
566,200Y001,2.1.1.1. 주요지표(연간지표),3010101,민간,,,,,,,% ,2020,-4.8
567,200Y001,2.1.1.1. 주요지표(연간지표),3010102,정부,,,,,,,% ,2020,5.1
568,200Y001,2.1.1.1. 주요지표(연간지표),30102,총고정자본형성,,,,,,,% ,2020,3.5
569,200Y001,2.1.1.1. 주요지표(연간지표),3010207,총고정자본형성(민간),,,,,,,% ,2020,3.6
570,200Y001,2.1.1.1. 주요지표(연간지표),3010208,총고정자본형성(정부),,,,,,,% ,2020,3.4
571,200Y001,2.1.1.1. 주요지표(연간지표),3010201,건설투자,,,,,,,% ,2020,1.5
572,200Y001,2.1.1.1. 주요지표(연간지표),3010202,(건물건설),,,,,,,% ,2020,0.2
573,200Y001,2.1.1.1. 주요지표(연간지표),3010203,(토목건설),,,,,,,% ,2020,4.8
574,200Y001,2.1.1.1. 주요지표(연간지표),30103,설비투자,,,,,,,% ,2020,7.2
575,200Y001,2.1.1.1. 주요지표(연간지표),3010301,(기계류),,,,,,,% ,2020,9
576,200Y001,2.1.1.1. 주요지표(연간지표),701040203,정부,,,,,,,% ,2021,13.8
577,200Y001,2.1.1.1. 주요지표(연간지표),7010101,피용자보수,,,,,,,% ,2021,46.8
578,200Y001,2.1.1.1. 주요지표(연간지표),7010102,기업 및 재산소득,,,,,,,% ,2021,22.6
579,200Y001,2.1.1.1. 주요지표(연간지표),7010103,고정자본소모,,,,,,,% ,2021,20.7
580,200Y001,2.1.1.1. 주요지표(연간지표),7010104,생산및수입세(공제)보조금,,,,,,,% ,2021,10.2
581,200Y001,2.1.1.1. 주요지표(연간지표),7010105,국외순수취경상이전,,,,,,,% ,2021,-0.2
582,200Y001,2.1.1.1. 주요지표(연간지표),7010106,가계,,,,,,,% ,2021,54.2
583,200Y001,2.1.1.1. 주요지표(연간지표),7010107,기업,,,,,,,% ,2021,22.6
584,200Y001,2.1.1.1. 주요지표(연간지표),7010108,정부,,,,,,,% ,2021,23.1
585,200Y001,2.1.1.1. 주요지표(연간지표),701050101,가계,,,,,,,% ,2021,64.2
586,200Y001,2.1.1.1. 주요지표(연간지표),20102,국내총소득,,,,,,,% ,2021,3.2
587,200Y001,2.1.1.1. 주요지표(연간지표),20103,국민총소득,,,,,,,% ,2021,3.5
588,200Y001,2.1.1.1. 주요지표(연간지표),30101,최종소비지출(실질증감률),,,,,,,% ,2021,4.1
589,200Y001,2.1.1.1. 주요지표(연간지표),3010101,민간,,,,,,,% ,2021,3.6
590,200Y001,2.1.1.1. 주요지표(연간지표),3010102,정부,,,,,,,% ,2021,5.5
591,200Y001,2.1.1.1. 주요지표(연간지표),30102,총고정자본형성,,,,,,,% ,2021,3.2
592,200Y001,2.1.1.1. 주요지표(연간지표),3010207,총고정자본형성(민간),,,,,,,% ,2021,4.9
593,200Y001,2.1.1.1. 주요지표(연간지표),3010208,총고정자본형성(정부),,,,,,,% ,2021,-4.9
594,200Y001,2.1.1.1. 주요지표(연간지표),3010201,건설투자,,,,,,,% ,2021,-1.6
595,200Y001,2.1.1.1. 주요지표(연간지표),3010202,(건물건설),,,,,,,% ,2021,1.1
596,200Y001,2.1.1.1. 주요지표(연간지표),3010203,(토목건설),,,,,,,% ,2021,-8
597,200Y001,2.1.1.1. 주요지표(연간지표),30103,설비투자,,,,,,,% ,2021,9.3
598,200Y001,2.1.1.1. 주요지표(연간지표),3010301,(기계류),,,,,,,% ,2021,13.2
599,200Y001,2.1.1.1. 주요지표(연간지표),3010302,(운송장비),,,,,,,% ,2021,-1.7
600,200Y001,2.1.1.1. 주요지표(연간지표),30104,지식재산생산물투자,,,,,,,% ,2021,6.1
601,200Y001,2.1.1.1. 주요지표(연간지표),30105,재화와서비스의수출,,,,,,,% ,2021,11.1
602,200Y001,2.1.1.1. 주요지표(연간지표),3010501,(재화),,,,,,,% ,2021,10.7
603,200Y001,2.1.1.1. 주요지표(연간지표),30106,재화와서비스의수입,,,,,,,% ,2021,10.1
604,200Y001,2.1.1.1. 주요지표(연간지표),3010601,(재화),,,,,,,% ,2021,12.6
605,200Y001,2.1.1.1. 주요지표(연간지표),40101,농림어업(생산구조-명목),,,,,,,% ,2021,2
606,200Y001,2.1.1.1. 주요지표(연간지표),40102,광공업,,,,,,,% ,2021,28.1
607,200Y001,2.1.1.1. 주요지표(연간지표),4010201,(제조업),,,,,,,% ,2021,28
608,200Y001,2.1.1.1. 주요지표(연간지표),40103,"전기, 가스 및 수도사업",,,,,,,% ,2021,1.9
609,200Y001,2.1.1.1. 주요지표(연간지표),40104,건설업,,,,,,,% ,2021,5.6
610,200Y001,2.1.1.1. 주요지표(연간지표),40105,서비스업,,,,,,,% ,2021,62.4
611,200Y001,2.1.1.1. 주요지표(연간지표),60101,최종소비지출(지출구조-명목),,,,,,,% ,2021,64.1
612,200Y001,2.1.1.1. 주요지표(연간지표),6010101,민간,,,,,,,% ,2021,46
613,200Y001,2.1.1.1. 주요지표(연간지표),901,수출입의 대 GNI 비율(명목),,,,,,,% ,2021,84.3
614,200Y001,2.1.1.1. 주요지표(연간지표),90101,총수출,,,,,,,% ,2021,44.5
615,200Y001,2.1.1.1. 주요지표(연간지표),9010101,(재화),,,,,,,% ,2021,35.3
616,200Y001,2.1.1.1. 주요지표(연간지표),9010102,(서비스),,,,,,,% ,2021,6.1
617,200Y001,2.1.1.1. 주요지표(연간지표),90102,총수입,,,,,,,% ,2021,39.8
618,200Y001,2.1.1.1. 주요지표(연간지표),9010201,(재화),,,,,,,% ,2021,31.3
619,200Y001,2.1.1.1. 주요지표(연간지표),9010202,(서비스),,,,,,,% ,2021,6.6
620,200Y001,2.1.1.1. 주요지표(연간지표),90103,GDP 디플레이터,,,,,,,2015=100,2021,108.417
621,200Y001,2.1.1.1. 주요지표(연간지표),9010301,(등락률),,,,,,,% ,2021,2.8
622,200Y001,2.1.1.1. 주요지표(연간지표),701050102,기업,,,,,,,% ,2021,22.6
623,200Y001,2.1.1.1. 주요지표(연간지표),701050103,정부,,,,,,,% ,2021,13.1
624,200Y001,2.1.1.1. 주요지표(연간지표),7010200,피용자보수비율,,,,,,,% ,2021,67.5
625,200Y001,2.1.1.1. 주요지표(연간지표),80101,총저축률,,,,,,,% ,2021,36.5
626,200Y001,2.1.1.1. 주요지표(연간지표),8010101,민간,,,,,,,% ,2021,31.3
627,200Y001,2.1.1.1. 주요지표(연간지표),8010102,(가계 및 비영리단체),,,,,,,% ,2021,9.7
628,200Y001,2.1.1.1. 주요지표(연간지표),8010103,(기업),,,,,,,% ,2021,21.6
629,200Y001,2.1.1.1. 주요지표(연간지표),8010104,정부,,,,,,,% ,2021,5.1
630,200Y001,2.1.1.1. 주요지표(연간지표),8010200,국내총투자율,,,,,,,% ,2021,32
631,200Y001,2.1.1.1. 주요지표(연간지표),8010201,(국내총고정투자율),,,,,,,% ,2021,31.4
632,200Y001,2.1.1.1. 주요지표(연간지표),8010400,(가계순저축률),,,,,,,% ,2021,10.6
633,200Y001,2.1.1.1. 주요지표(연간지표),10101,"국내총생산(명목, 원화표시)",,,,,,,십억원 ,2021,2080198.5
634,200Y001,2.1.1.1. 주요지표(연간지표),1010101,"국내총생산(명목, 달러표시)",,,,,,,억달러 ,2021,18176.9
635,200Y001,2.1.1.1. 주요지표(연간지표),10102,"국민총소득(명목, 원화표시)",,,,,,,십억원 ,2021,2103612
636,200Y001,2.1.1.1. 주요지표(연간지표),1010201,"국민총소득(명목, 달러표시)",,,,,,,억달러 ,2021,18381.5
637,200Y001,2.1.1.1. 주요지표(연간지표),10103,요소비용국민소득(명목),,,,,,,십억원 ,2021,1455425.6
638,200Y001,2.1.1.1. 주요지표(연간지표),10104,국민처분가능소득(명목),,,,,,,십억원 ,2021,1665544.8
639,200Y001,2.1.1.1. 주요지표(연간지표),10105,국민총처분가능소득(명목),,,,,,,십억원 ,2021,2099125.2
640,200Y001,2.1.1.1. 주요지표(연간지표),101051,가계총처분가능소득(명목),,,,,,,십억원 ,2021,1138732.9
641,200Y001,2.1.1.1. 주요지표(연간지표),10107,"1인당 국내총생산(명목, 원화표시)",,,,,,,만원 ,2021,4020.1
642,200Y001,2.1.1.1. 주요지표(연간지표),1010701,"1인당 국내총생산(명목, 달러표시)",,,,,,,달러 ,2021,35127.9
643,200Y001,2.1.1.1. 주요지표(연간지표),10106,"1인당 국민총소득(명목, 원화표시)",,,,,,,만원 ,2021,4065.4
644,200Y001,2.1.1.1. 주요지표(연간지표),6010102,정부,,,,,,,% ,2021,18.2
645,200Y001,2.1.1.1. 주요지표(연간지표),1010601,"1인당 국민총소득(명목, 달러표시)",,,,,,,달러 ,2021,35523.3
646,200Y001,2.1.1.1. 주요지표(연간지표),1010602,"1인당 가계총처분가능소득(명목, 원화표시)",,,,,,,만원 ,2021,2200.7
647,200Y001,2.1.1.1. 주요지표(연간지표),1010603,"1인당 가계총처분가능소득(명목, 달러표시)",,,,,,,달러 ,2021,19229.5
648,200Y001,2.1.1.1. 주요지표(연간지표),20101,국내총생산(실질성장률),,,,,,,% ,2021,4.3
649,200Y001,2.1.1.1. 주요지표(연간지표),2010101,농림어업,,,,,,,% ,2021,5.2
650,200Y001,2.1.1.1. 주요지표(연간지표),2010102,광공업,,,,,,,% ,2021,7.1
651,200Y001,2.1.1.1. 주요지표(연간지표),2010103,(제조업),,,,,,,% ,2021,7.1
652,200Y001,2.1.1.1. 주요지표(연간지표),2010104,"전기, 가스 및 수도사업",,,,,,,% ,2021,2.7
653,200Y001,2.1.1.1. 주요지표(연간지표),2010105,건설업,,,,,,,% ,2021,-1.9
654,200Y001,2.1.1.1. 주요지표(연간지표),2010106,서비스업,,,,,,,% ,2021,3.8
655,200Y001,2.1.1.1. 주요지표(연간지표),2010107,순생산물세,,,,,,,% ,2021,3.9
656,200Y001,2.1.1.1. 주요지표(연간지표),60102,총고정자본형성,,,,,,,% ,2021,31.6
657,200Y001,2.1.1.1. 주요지표(연간지표),60103,재화와서비스의수출,,,,,,,% ,2021,41.9
658,200Y001,2.1.1.1. 주요지표(연간지표),60104,(공제)재화와서비스의수입,,,,,,,% ,2021,38.3
659,200Y001,2.1.1.1. 주요지표(연간지표),701040101,피용자보수,,,,,,,% ,2021,46.7
660,200Y001,2.1.1.1. 주요지표(연간지표),701040102,기업 및 재산소득,,,,,,,% ,2021,22.5
661,200Y001,2.1.1.1. 주요지표(연간지표),701040103,고정자본소모,,,,,,,% ,2021,20.6
662,200Y001,2.1.1.1. 주요지표(연간지표),701040104,생산및수입세(공제)보조금,,,,,,,% ,2021,10.2
663,200Y001,2.1.1.1. 주요지표(연간지표),701040201,가계,,,,,,,% ,2021,60.3
664,200Y001,2.1.1.1. 주요지표(연간지표),701040202,기업,,,,,,,% ,2021,25.8
